date,position,strategy
2025-07-01,TP2,E
2025-07-02,TP2,B
2025-07-03,TP3,C
2025-07-04,TP10,E
2025-07-05,TP1,B
2025-07-06,TP3,H
2025-07-07,SL,C
2025-07-08,SL,G
2025-07-09,SL,G
2025-07-10,TP14,D
2025-07-11,TP3,G
2025-07-12,SL,D
2025-07-13,TP1,B
2025-07-14,SL,A
2025-07-15,TP4,G
2025-07-16,TP4,C
2025-07-17,SL,E
2025-07-18,TP6,A
2025-07-19,TP1,H
2025-07-20,TP2,C
2025-07-21,SL,D
2025-07-22,TP3,C
2025-07-23,SL,H
2025-07-24,TP2,B
2025-07-25,SL,D
2025-07-26,TP11,H
2025-07-27,TP2,E
2025-07-28,TP5,C
2025-07-29,SL,G
2025-07-30,SL,G
2025-07-31,SL,A
2025-08-01,TP2,F
2025-08-02,SL,F
2025-08-03,TP2,B
2025-08-04,SL,A
2025-08-05,TP2,G
2025-08-06,TP1,H
2025-08-07,TP2,C
2025-08-08,TP2,C
2025-08-09,TP2,D
2025-08-10,TP2,F
2025-08-11,SL,A
2025-08-12,TP2,B
2025-08-13,TP2,C
2025-08-14,TP1,B
2025-08-15,TP16,F
2025-08-16,TP1,G
2025-08-17,TP3,E
2025-08-18,TP2,A
2025-08-19,SL,C
2025-08-20,TP2,C
2025-08-21,TP2,E
2025-08-22,TP2,A
2025-08-23,SL,F
2025-08-24,TP4,H
2025-08-25,TP6,D
2025-08-26,TP2,D
2025-08-27,TP2,D
2025-08-28,SL,H
2025-08-29,TP2,A
2025-08-30,SL,B
2025-08-31,SL,D
2025-09-01,TP11,A
2025-09-02,TP2,D
2025-09-03,TP1,C
2025-09-04,SL,F
2025-09-05,SL,E
2025-09-06,TP1,G
2025-09-07,TP2,D
2025-09-08,SL,D
2025-09-09,TP16,C
2025-09-10,TP3,H
2025-09-11,TP8,E
2025-09-12,TP2,G
2025-09-13,TP20,E
2025-09-14,TP8,C
2025-09-15,TP3,C
2025-09-16,TP1,C
2025-09-17,SL,F
2025-09-18,TP4,B
2025-09-19,TP9,E
2025-09-20,SL,A
2025-09-21,TP2,A
2025-09-22,SL,G
2025-09-23,TP1,E
2025-09-24,TP2,C
2025-09-25,TP2,B
2025-09-26,TP2,H
2025-09-27,TP3,F
2025-09-28,TP7,B
2025-09-29,TP1,B
2025-09-30,TP3,G
2025-10-01,SL,G
2025-10-02,SL,H
2025-10-03,TP2,F
2025-10-04,TP1,G
2025-10-05,SL,C
2025-10-06,TP3,C
2025-10-07,SL,B
2025-10-08,TP4,G
2025-10-09,SL,F
2025-10-10,TP2,D
2025-10-11,TP2,E
2025-10-12,SL,G
2025-10-13,SL,B
2025-10-14,SL,B
2025-10-15,TP2,H
2025-10-16,SL,G
2025-10-17,TP15,A
2025-10-18,SL,H
2025-10-19,TP2,F
2025-10-20,TP2,A
2025-10-21,TP2,H
2025-10-22,TP3,A
2025-10-23,TP2,H
2025-10-24,SL,E
2025-10-25,SL,F
2025-10-26,TP2,E
2025-10-27,TP3,F
2025-10-28,SL,E
2025-10-29,TP2,H
2025-10-30,TP2,G
2025-10-31,TP4,C
2025-11-01,SL,G
2025-11-02,SL,E
2025-11-03,SL,F
2025-11-04,SL,G
2025-11-05,TP2,F
2025-11-06,TP1,E
2025-11-07,TP5,G
2025-11-08,SL,B
2025-11-09,TP14,A
2025-11-10,TP7,F
2025-11-11,TP2,F
2025-11-12,SL,E
2025-11-13,SL,E
2025-11-14,TP12,D
2025-11-15,SL,C
2025-11-16,SL,B
2025-11-17,TP3,B
2025-11-18,TP2,E
2025-11-19,SL,E
2025-11-20,TP2,G
2025-11-21,SL,B
2025-11-22,TP2,G
2025-11-23,SL,G
2025-11-24,TP5,A
2025-11-25,TP3,A
2025-11-26,SL,C
2025-11-27,TP4,G
2025-11-28,TP2,D
2025-11-29,SL,H
2025-11-30,TP5,G
2025-12-01,SL,H
2025-12-02,TP2,G
2025-12-03,TP2,C
2025-12-04,TP2,A
2025-12-05,TP6,D
2025-12-06,TP3,F
2025-12-07,SL,A
2025-12-08,TP2,G
2025-12-09,SL,C
2025-12-10,TP2,D
2025-12-11,SL,E
2025-12-12,TP12,F
2025-12-13,TP2,B
2025-12-14,SL,B
2025-12-15,TP13,G
2025-12-16,TP7,G
2025-12-17,TP2,D
2025-12-18,SL,E
2025-12-19,TP2,F
2025-12-20,TP2,G
2025-12-21,TP2,B
2025-12-22,TP3,F
2025-12-23,TP2,B
2025-12-24,TP1,D
2025-12-25,TP1,H
2025-12-26,SL,D
2025-12-27,TP2,H
2025-12-28,TP5,B
2025-12-29,TP2,C
2025-12-30,TP3,G
2025-12-31,TP18,F
2026-01-01,TP1,H
2026-01-02,TP1,B
2026-01-03,TP2,D
2026-01-04,SL,F
2026-01-05,SL,B
2026-01-06,TP1,D
2026-01-07,SL,F
2026-01-08,TP3,F
2026-01-09,SL,D
2026-01-10,SL,D
2026-01-11,TP2,D
2026-01-12,TP3,C
2026-01-13,TP4,G
2026-01-14,TP2,A
2026-01-15,TP12,H
2026-01-16,TP2,H
2026-01-17,TP7,F
2026-01-18,TP2,H
2026-01-19,TP2,C
2026-01-20,TP3,E
2026-01-21,TP2,F
2026-01-22,TP10,A
2026-01-23,TP3,H
2026-01-24,TP2,H
2026-01-25,TP12,D
2026-01-26,SL,A
2026-01-27,SL,G
2026-01-28,TP4,E
2026-01-29,TP7,D
2026-01-30,TP2,H
2026-01-31,SL,C
